{
  "CHF/JPY": {
    "status": "PAUSED",
    "WEEKLY": {
      "params": {
        "adx_min": 25,
        "r2_min": 0.34,
        "anti_chase_mult": 0.5,
        "sl_atr_mult": 2.5,
        "rr": 1.8,
        "time_stop": 30
      },
      "IS": {
        "trades": 15,
        "pf": 1.4203550525288,
        "exp": 0.1360330759473893,
        "maxdd": 2.6499377942093014
      },
      "OOS": {
        "trades": 4,
        "pf": 4.6424401753036,
        "exp": 0.9106100438258999,
        "maxdd": 1.0
      }
    },
    "BB_MR": {
      "params": {
        "bb_len": 20,
        "bb_std": 2.0,
        "rsi_len": 14,
        "rsi_buy": 30,
        "rsi_sell": 70,
        "atr_stop_mult": 1.2,
        "tp_to_ma": true,
        "time_stop": 30
      },
      "IS": {
        "trades": 11,
        "pf": 4.151454873631355,
        "exp": 0.6047661461726855,
        "maxdd": 1.1109068270535278
      },
      "OOS": {
        "trades": 5,
        "pf": 0.5735881989404337,
        "exp": -0.2558470806357398,
        "maxdd": 3.0
      }
    }
  },
  "EUR/AUD": {
    "status": "PAUSED",
    "WEEKLY": {
      "params": {
        "adx_min": 25,
        "r2_min": 0.34,
        "anti_chase_mult": 0.5,
        "sl_atr_mult": 2.5,
        "rr": 1.8,
        "time_stop": 30
      },
      "IS": {
        "trades": 14,
        "pf": 0.6633955433213462,
        "exp": -0.11327161322428148,
        "maxdd": 2.899271995254021
      },
      "OOS": {
        "trades": 4,
        "pf": 2.3551719514425677,
        "exp": 0.3387929878606419,
        "maxdd": 1.0
      }
    },
    "BB_MR": {
      "params": {
        "bb_len": 20,
        "bb_std": 2.0,
        "rsi_len": 14,
        "rsi_buy": 35,
        "rsi_sell": 65,
        "atr_stop_mult": 1.5,
        "tp_to_ma": true,
        "time_stop": 20
      },
      "IS": {
        "trades": 13,
        "pf": 1.863936940124961,
        "exp": 0.27358175014907915,
        "maxdd": 2.450929523226261
      },
      "OOS": {
        "trades": 9,
        "pf": 0.7263569188206441,
        "exp": -0.13662657213224513,
        "maxdd": 4.0
      }
    }
  },
  "EUR/NZD": {
    "status": "ACTIVE",
    "WEEKLY": {
      "params": {
        "adx_min": 25,
        "r2_min": 0.25,
        "anti_chase_mult": 0.8,
        "sl_atr_mult": 2.0,
        "rr": 1.4,
        "time_stop": 45
      },
      "IS": {
        "trades": 16,
        "pf": 0.617898755741325,
        "exp": -0.262694605427839,
        "maxdd": 9.0
      },
      "OOS": {
        "trades": 7,
        "pf": 3.5,
        "exp": 0.7142857142857143,
        "maxdd": 1.0
      }
    },
    "BB_MR": {
      "params": {
        "bb_len": 20,
        "bb_std": 2.0,
        "rsi_len": 14,
        "rsi_buy": 30,
        "rsi_sell": 60,
        "atr_stop_mult": 1.2,
        "tp_to_ma": true,
        "time_stop": 20
      },
      "IS": {
        "trades": 16,
        "pf": 2.104373370776622,
        "exp": 0.34917825113082845,
        "maxdd": 3.060574360357748
      },
      "OOS": {
        "trades": 7,
        "pf": 0.23393497241194103,
        "exp": -0.6566271665040506,
        "maxdd": 6.0
      }
    }
  },
  "GBP/NZD": {
    "status": "ACTIVE",
    "WEEKLY": {
      "params": {
        "adx_min": 25,
        "r2_min": 0.34,
        "anti_chase_mult": 0.5,
        "sl_atr_mult": 2.5,
        "rr": 1.8,
        "time_stop": 30
      },
      "IS": {
        "trades": 14,
        "pf": 1.2567961490623896,
        "exp": 0.09368257176477134,
        "maxdd": 2.384144693422776
      },
      "OOS": {
        "trades": 3,
        "pf": Infinity,
        "exp": 0.49295284062491657,
        "maxdd": 0.0
      }
    },
    "BB_MR": {
      "params": {
        "bb_len": 20,
        "bb_std": 2.0,
        "rsi_len": 14,
        "rsi_buy": 30,
        "rsi_sell": 60,
        "atr_stop_mult": 1.2,
        "tp_to_ma": true,
        "time_stop": 20
      },
      "IS": {
        "trades": 17,
        "pf": 1.3300372944821912,
        "exp": 0.15225297664407703,
        "maxdd": 3.0
      },
      "OOS": {
        "trades": 7,
        "pf": 1.0800579794346352,
        "exp": 0.04574741681979155,
        "maxdd": 2.0
      }
    }
  },
  "CAD/JPY": {
    "status": "ACTIVE",
    "WEEKLY": {
      "params": {
        "adx_min": 30,
        "r2_min": 0.34,
        "anti_chase_mult": 0.3,
        "sl_atr_mult": 3.0,
        "rr": 1.8,
        "time_stop": 30
      },
      "IS": {
        "trades": 13,
        "pf": 1.6078244847824537,
        "exp": 0.19541946472646884,
        "maxdd": 1.7161769780596146
      },
      "OOS": {
        "trades": 4,
        "pf": 0.8027721876793217,
        "exp": -0.08362517766295065,
        "maxdd": 1.6960118692992867
      }
    },
    "BB_MR": {
      "params": {
        "bb_len": 20,
        "bb_std": 2.0,
        "rsi_len": 14,
        "rsi_buy": 30,
        "rsi_sell": 60,
        "atr_stop_mult": 1.2,
        "tp_to_ma": true,
        "time_stop": 20
      },
      "IS": {
        "trades": 16,
        "pf": 1.109222428410899,
        "exp": 0.048691107731387476,
        "maxdd": 4.0
      },
      "OOS": {
        "trades": 5,
        "pf": 4.459084070755564,
        "exp": 0.6918168141511127,
        "maxdd": 1.0
      }
    }
  },
  "GBP/JPY": {
    "status": "ACTIVE",
    "WEEKLY": {
      "params": {
        "adx_min": 25,
        "r2_min": 0.25,
        "anti_chase_mult": 0.8,
        "sl_atr_mult": 2.0,
        "rr": 1.4,
        "time_stop": 45
      },
      "IS": {
        "trades": 14,
        "pf": 2.113163479429958,
        "exp": 0.39755838551069916,
        "maxdd": 2.0
      },
      "OOS": {
        "trades": 5,
        "pf": 4.179322911212673,
        "exp": 0.6390105053269824,
        "maxdd": 1.0
      }
    },
    "BB_MR": {
      "params": {
        "bb_len": 20,
        "bb_std": 2.0,
        "rsi_len": 14,
        "rsi_buy": 30,
        "rsi_sell": 70,
        "atr_stop_mult": 1.2,
        "tp_to_ma": true,
        "time_stop": 30
      },
      "IS": {
        "trades": 10,
        "pf": 2.090977840138022,
        "exp": 0.43639113605520874,
        "maxdd": 3.0
      },
      "OOS": {
        "trades": 1,
        "pf": Infinity,
        "exp": 1.6535368170812905,
        "maxdd": 0.0
      }
    }
  },
  "AUD/JPY": {
    "status": "ACTIVE",
    "WEEKLY": {
      "params": {
        "adx_min": 30,
        "r2_min": 0.34,
        "anti_chase_mult": 0.3,
        "sl_atr_mult": 3.0,
        "rr": 1.8,
        "time_stop": 30
      },
      "IS": {
        "trades": 11,
        "pf": 10.981989002194526,
        "exp": 0.5260130246186088,
        "maxdd": 0.298486315652287
      },
      "OOS": {
        "trades": 4,
        "pf": 1.2823539450426265,
        "exp": 0.07058848626065663,
        "maxdd": 1.0
      }
    },
    "BB_MR": {
      "params": {
        "bb_len": 20,
        "bb_std": 2.0,
        "rsi_len": 14,
        "rsi_buy": 40,
        "rsi_sell": 70,
        "atr_stop_mult": 1.8,
        "tp_to_ma": true,
        "time_stop": 20
      },
      "IS": {
        "trades": 12,
        "pf": 1.212511817812311,
        "exp": 0.09210790966017647,
        "maxdd": 3.201098589718461
      },
      "OOS": {
        "trades": 10,
        "pf": 2.8963857185528714,
        "exp": 0.38357685361111926,
        "maxdd": 1.0226731822459936
      }
    }
  },
  "USD/JPY": {
    "status": "PAUSED",
    "WEEKLY": {
      "params": {
        "adx_min": 25,
        "r2_min": 0.28,
        "anti_chase_mult": 0.3,
        "sl_atr_mult": 2.0,
        "rr": 1.6,
        "time_stop": 30
      },
      "IS": {
        "trades": 15,
        "pf": 1.6638144931766212,
        "exp": 0.26722660338618703,
        "maxdd": 3.0
      },
      "OOS": {
        "trades": 5,
        "pf": 0.0,
        "exp": -0.8591345003044841,
        "maxdd": 4.295672501522421
      }
    },
    "BB_MR": {
      "params": {
        "bb_len": 20,
        "bb_std": 2.0,
        "rsi_len": 14,
        "rsi_buy": 40,
        "rsi_sell": 70,
        "atr_stop_mult": 1.8,