{
  "AUD/CAD": {
    "status": "PAUSED",
    "WEEKLY": {
      "params": {
        "adx_min": 25,
        "r2_min": 0.34,
        "anti_chase_mult": 0.5,
        "sl_atr_mult": 2.5,
        "rr": 1.8,
        "time_stop": 30
      },
      "IS": {
        "trades": 10,
        "pf": 0.8084448829031409,
        "exp": -0.08812063170627753,
        "maxdd": 3.455482484008569
      },
      "OOS": {
        "trades": 0,
        "pf": 0.0,
        "exp": 0.0,
        "maxdd": 0.0
      }
    },
    "BB_MR": {
      "params": {
        "bb_len": 20,
        "bb_std": 2.0,
        "rsi_len": 14,
        "rsi_buy": 35,
        "rsi_sell": 65,
        "atr_stop_mult": 1.5,
        "tp_to_ma": true,
        "time_stop": 20
      },
      "IS": {
        "trades": 11,
        "pf": 4.195527284930654,
        "exp": 0.5512589132973331,
        "maxdd": 1.0
      },
      "OOS": {
        "trades": 2,
        "pf": 1.4758263889780434,
        "exp": 0.2379131944890217,
        "maxdd": 1.0
      }
    }
  },
  "CHF/JPY": {
    "status": "PAUSED",
    "WEEKLY": {
      "params": {
        "adx_min": 25,
        "r2_min": 0.34,
        "anti_chase_mult": 0.5,
        "sl_atr_mult": 2.5,
        "rr": 1.8,
        "time_stop": 30
      },
      "IS": {
        "trades": 10,
        "pf": 0.3321573554912208,
        "exp": -0.39639134279898625,
        "maxdd": 3.963913427989862
      },
      "OOS": {
        "trades": 0,
        "pf": 0.0,
        "exp": 0.0,
        "maxdd": 0.0
      }
    },
    "BB_MR": {
      "params": {
        "bb_len": 20,
        "bb_std": 2.0,
        "rsi_len": 14,
        "rsi_buy": 30,
        "rsi_sell": 70,
        "atr_stop_mult": 1.2,
        "tp_to_ma": true,
        "time_stop": 30
      },
      "IS": {
        "trades": 8,
        "pf": 6.200563978868953,
        "exp": 0.7221677284490996,
        "maxdd": 1.1109067883920707
      },
      "OOS": {
        "trades": 2,
        "pf": 0.0,
        "exp": -1.0,
        "maxdd": 2.0
      }
    }
  },
  "EUR/AUD": {
    "status": "PAUSED",
    "WEEKLY": {
      "params": {
        "adx_min": 25,
        "r2_min": 0.34,
        "anti_chase_mult": 0.5,
        "sl_atr_mult": 2.5,
        "rr": 1.8,
        "time_stop": 30
      },
      "IS": {
        "trades": 10,
        "pf": 0.9852434109968692,
        "exp": -0.00575244930392466,
        "maxdd": 3.6575244930392468
      },
      "OOS": {
        "trades": 0,
        "pf": 0.0,
        "exp": 0.0,
        "maxdd": 0.0
      }
    },
    "BB_MR": {
      "params": {
        "bb_len": 20,
        "bb_std": 2.0,
        "rsi_len": 14,
        "rsi_buy": 40,
        "rsi_sell": 70,
        "atr_stop_mult": 1.8,
        "tp_to_ma": true,
        "time_stop": 20
      },
      "IS": {
        "trades": 12,
        "pf": 0.9638911429857319,
        "exp": -0.013925725286911808,
        "maxdd": 2.627914513519784
      },
      "OOS": {
        "trades": 2,
        "pf": Infinity,
        "exp": 0.8280147908695592,
        "maxdd": 0.0
      }
    }
  },
  "CAD/JPY": {
    "status": "PAUSED",
    "WEEKLY": null,
    "BB_MR": {
      "params": {
        "bb_len": 20,
        "bb_std": 2.0,
        "rsi_len": 14,
        "rsi_buy": 40,
        "rsi_sell": 70,
        "atr_stop_mult": 1.8,
        "tp_to_ma": true,
        "time_stop": 20
      },
      "IS": {
        "trades": 12,
        "pf": 0.639585863999975,
        "exp": -0.18020706800001252,
        "maxdd": 4.0
      },
      "OOS": {
        "trades": 2,
        "pf": Infinity,
        "exp": 1.3468892156961245,
        "maxdd": 0.0
      }
    }
  },
  "GBP/JPY": {
    "status": "PAUSED",
    "WEEKLY": {
      "params": {
        "adx_min": 25,
        "r2_min": 0.25,
        "anti_chase_mult": 0.8,
        "sl_atr_mult": 2.0,
        "rr": 1.4,
        "time_stop": 45
      },
      "IS": {
        "trades": 11,
        "pf": 0.43356801816519064,
        "exp": -0.4119505322434977,
        "maxdd": 5.931455854678475
      },
      "OOS": {
        "trades": 0,
        "pf": 0.0,
        "exp": 0.0,
        "maxdd": 0.0
      }
    },
    "BB_MR": {
      "params": {
        "bb_len": 20,
        "bb_std": 2.0,
        "rsi_len": 14,
        "rsi_buy": 40,
        "rsi_sell": 70,
        "atr_stop_mult": 1.8,
        "tp_to_ma": true,
        "time_stop": 20
      },
      "IS": {
        "trades": 11,
        "pf": 1.596494005505507,
        "exp": 0.21690691109291171,
        "maxdd": 4.0
      },
      "OOS": {
        "trades": 2,
        "pf": Infinity,
        "exp": 0.9451605731881323,
        "maxdd": 0.0
      }
    }
  },
  "AUD/JPY": {
    "status": "ACTIVE",
    "WEEKLY": null,
    "BB_MR": {
      "params": {
        "bb_len": 20,
        "bb_std": 2.0,
        "rsi_len": 14,
        "rsi_buy": 40,
        "rsi_sell": 70,
        "atr_stop_mult": 1.8,
        "tp_to_ma": true,
        "time_stop": 20
      },
      "IS": {
        "trades": 12,
        "pf": 0.9280745351986139,
        "exp": -0.031310176515931896,
        "maxdd": 3.2010986718393646
      },
      "OOS": {
        "trades": 5,
        "pf": 3.505566494533225,
        "exp": 0.501113298906645,
        "maxdd": 1.0
      }
    }
  },
  "USD/JPY": {
    "status": "PAUSED",
    "WEEKLY": {
      "params": {
        "adx_min": 25,
        "r2_min": 0.34,
        "anti_chase_mult": 0.5,
        "sl_atr_mult": 2.5,
        "rr": 1.8,
        "time_stop": 30
      },
      "IS": {
        "trades": 11,
        "pf": 0.47575556226183774,
        "exp": -0.36062827322594654,
        "maxdd": 5.766911005485413
      },
      "OOS": {
        "trades": 0,
        "pf": 0.0,
        "exp": 0.0,
        "maxdd": 0.0
      }
    },
    "BB_MR": {
      "params": {
        "bb_len": 20,
        "bb_std": 2.0,
        "rsi_len": 14,
        "rsi_buy": 30,
        "rsi_sell": 70,
        "atr_stop_mult": 1.2,
        "tp_to_ma": true,
        "time_stop": 30
      },
      "IS": {
        "trades": 10,
        "pf": 1.942507820921512,
        "exp": 0.38405231608598445,
        "maxdd": 2.0
      },
      "OOS": {
        "trades": 0,
        "pf": 0.0,
        "exp": 0.0,
        "maxdd": 0.0
      }
    }
  },
  "EUR/JPY": {
    "status": "PAUSED",
    "WEEKLY": {
      "params": {
        "adx_min": 25,
        "r2_min": 0.34,
        "anti_chase_mult": 0.5,
        "sl_atr_mult": 2.5,
        "rr": 1.8,
        "time_stop": 30
      },
      "IS": {
        "trades": 11,
        "pf": 0.6894945729181957,
        "exp": -0.1694574385500163,
        "maxdd": 3.0032181774365245
      },
      "OOS": {
        "trades": 0,
        "pf": 0.0,
        "exp": 0.0,
        "maxdd": 0.0
      }
    },
    "BB_MR": {
      "params": {
        "bb_len": 20,
        "bb_std": 2.0,
        "rsi_len": 14,
        "rsi_buy": 30,
        "rsi_sell": 60,
        "atr_stop_mult": 1.2,
        "tp_to_ma": true,
        "time_stop": 20
      },
      "IS": {
        "trades": 12,
        "pf": 1.9172307492667542,
        "exp": 0.3821794788611476,
        "maxdd": 4.0
      },
      "OOS": {
        "trades": 3,
        "pf": 0.0,
        "exp": -1.0,
        "maxdd": 3.0
      }
    }
  },
  "NZD/JPY": {
    "status": "PAUSED",
    "WEEKLY": null,
    "BB_MR": {
      "params": {
        "bb_len": 20,
        "bb_std": 2.0,
        "rsi_len": 14,
        "rsi_buy": 40,
        "rsi_sell": 70,
        "atr_stop_mult": 1.8,
        "tp_to_ma": true,
        "time_stop": 20
      },
      "IS": {
        "trades": 8,
        "pf": 1.3443608403925031,
        "exp": 0.1291353151471887,
        "maxdd": 3.0
      },
      "OOS": {
        "trades": 2,
        "pf": Infinity,
        "exp": 0.9858677127291817,
        "maxdd": 0.0
      }
    }
  },
  "NZD/USD": {
    "status": "PAUSED",
    "WEEKLY": {
      "params": {
        "adx_min": 25,
        "r2_min": 0.34,
        "anti_chase_mult": 0.5,
        "sl_atr_mult": 2.5,
        "rr": 1.8,
        "time_stop": 30
      },
      "IS": {
        "trades": 10,