{
  "AUD/CAD": {
    "status": "PAUSED",
    "WEEKLY": {
      "params": {
        "adx_min": 25,
        "r2_min": 0.25,
        "anti_chase_mult": 0.8,
        "sl_atr_mult": 2.0,
        "rr": 1.4,
        "time_stop": 45
      },
      "IS": {
        "trades": 14,
        "pf": 1.039618165048791,
        "exp": 0.019824638231037677,
        "maxdd": 6.005496970713365
      },
      "OOS": {
        "trades": 4,
        "pf": 0.0,
        "exp": -0.7715776506290473,
        "maxdd": 3.086310602516189
      }
    },
    "BB_MR": {
      "params": {
        "bb_len": 20,
        "bb_std": 2.0,
        "rsi_len": 14,
        "rsi_buy": 40,
        "rsi_sell": 70,
        "atr_stop_mult": 1.8,
        "tp_to_ma": true,
        "time_stop": 20
      },
      "IS": {
        "trades": 12,
        "pf": 6.030176031682727,
        "exp": 0.4972142965237449,
        "maxdd": 1.0
      },
      "OOS": {
        "trades": 6,
        "pf": 2.1194357154379375,
        "exp": 0.3731452384793126,
        "maxdd": 1.0
      }
    }
  },
  "CHF/JPY": {
    "status": "PAUSED",
    "WEEKLY": {
      "params": {
        "adx_min": 25,
        "r2_min": 0.34,
        "anti_chase_mult": 0.5,
        "sl_atr_mult": 2.5,
        "rr": 1.8,
        "time_stop": 30
      },
      "IS": {
        "trades": 15,
        "pf": 1.4203550525288,
        "exp": 0.1360330759473893,
        "maxdd": 2.6499377942093014
      },
      "OOS": {
        "trades": 4,
        "pf": 4.642440187010235,
        "exp": 0.910610046752559,
        "maxdd": 1.0
      }
    },
    "BB_MR": {
      "params": {
        "bb_len": 20,
        "bb_std": 2.0,
        "rsi_len": 14,
        "rsi_buy": 30,
        "rsi_sell": 70,
        "atr_stop_mult": 1.2,
        "tp_to_ma": true,
        "time_stop": 30
      },
      "IS": {
        "trades": 11,
        "pf": 4.151454873631355,
        "exp": 0.6047661461726855,
        "maxdd": 1.1109068270535278
      },
      "OOS": {
        "trades": 5,
        "pf": 0.5737756622923809,
        "exp": -0.2557346026245715,
        "maxdd": 3.0
      }
    }
  },
  "EUR/AUD": {
    "status": "PAUSED",
    "WEEKLY": {
      "params": {
        "adx_min": 25,
        "r2_min": 0.34,
        "anti_chase_mult": 0.5,
        "sl_atr_mult": 2.5,
        "rr": 1.8,
        "time_stop": 30
      },
      "IS": {
        "trades": 14,
        "pf": 0.6633955433213462,
        "exp": -0.11327161322428148,
        "maxdd": 2.899271995254021
      },
      "OOS": {
        "trades": 4,
        "pf": 2.3551719929119317,
        "exp": 0.33879299822798287,
        "maxdd": 1.0
      }
    },
    "BB_MR": {
      "params": {
        "bb_len": 20,
        "bb_std": 2.0,
        "rsi_len": 14,
        "rsi_buy": 35,
        "rsi_sell": 65,
        "atr_stop_mult": 1.5,
        "tp_to_ma": true,
        "time_stop": 20
      },
      "IS": {
        "trades": 13,
        "pf": 1.863936940124961,
        "exp": 0.27358175014907915,
        "maxdd": 2.450929523226261
      },
      "OOS": {
        "trades": 9,
        "pf": 0.7263774271754523,
        "exp": -0.13661633397224784,
        "maxdd": 4.0
      }
    }
  },
  "EUR/NZD": {
    "status": "PAUSED",
    "WEEKLY": {
      "params": {
        "adx_min": 25,
        "r2_min": 0.25,
        "anti_chase_mult": 0.8,
        "sl_atr_mult": 2.0,
        "rr": 1.4,
        "time_stop": 45
      },
      "IS": {
        "trades": 16,
        "pf": 0.617898755741325,
        "exp": -0.262694605427839,
        "maxdd": 9.0
      },
      "OOS": {
        "trades": 7,
        "pf": 3.5,
        "exp": 0.7142857142857143,
        "maxdd": 1.0
      }
    },
    "BB_MR": {
      "params": {
        "bb_len": 20,
        "bb_std": 2.0,
        "rsi_len": 14,
        "rsi_buy": 30,
        "rsi_sell": 60,
        "atr_stop_mult": 1.2,
        "tp_to_ma": true,
        "time_stop": 20
      },
      "IS": {
        "trades": 16,
        "pf": 2.104373370776622,
        "exp": 0.34917825113082845,
        "maxdd": 3.060574360357748
      },
      "OOS": {
        "trades": 7,
        "pf": 0.23393497241913008,
        "exp": -0.6566271664978885,
        "maxdd": 6.0
      }
    }
  },
  "GBP/NZD": {
    "status": "PAUSED",
    "WEEKLY": {
      "params": {
        "adx_min": 25,
        "r2_min": 0.34,
        "anti_chase_mult": 0.5,
        "sl_atr_mult": 2.5,
        "rr": 1.8,
        "time_stop": 30
      },
      "IS": {
        "trades": 14,
        "pf": 1.2567961490623896,
        "exp": 0.09368257176477134,
        "maxdd": 2.384144693422776
      },
      "OOS": {
        "trades": 3,
        "pf": Infinity,
        "exp": 0.41544838807465995,
        "maxdd": 0.0
      }
    },
    "BB_MR": {
      "params": {
        "bb_len": 20,
        "bb_std": 2.0,
        "rsi_len": 14,
        "rsi_buy": 30,
        "rsi_sell": 60,
        "atr_stop_mult": 1.2,
        "tp_to_ma": true,
        "time_stop": 20
      },
      "IS": {
        "trades": 17,
        "pf": 1.3300372944821912,
        "exp": 0.15225297664407703,
        "maxdd": 3.0
      },
      "OOS": {
        "trades": 7,
        "pf": 1.0799094109794227,
        "exp": 0.04566252055967019,
        "maxdd": 2.0
      }
    }
  },
  "CAD/JPY": {
    "status": "PAUSED",
    "WEEKLY": {
      "params": {
        "adx_min": 30,
        "r2_min": 0.34,
        "anti_chase_mult": 0.3,
        "sl_atr_mult": 3.0,
        "rr": 1.8,
        "time_stop": 30
      },
      "IS": {
        "trades": 13,
        "pf": 1.6078244847824537,
        "exp": 0.19541946472646884,
        "maxdd": 1.7161769780596146
      },
      "OOS": {
        "trades": 3,
        "pf": 0.21781409003260443,
        "exp": -0.41728685690083706,
        "maxdd": 1.6004642307539054
      }
    },
    "BB_MR": {
      "params": {
        "bb_len": 20,
        "bb_std": 2.0,
        "rsi_len": 14,
        "rsi_buy": 30,
        "rsi_sell": 60,
        "atr_stop_mult": 1.2,
        "tp_to_ma": true,
        "time_stop": 20
      },
      "IS": {
        "trades": 16,
        "pf": 1.109222428410899,
        "exp": 0.048691107731387476,
        "maxdd": 4.0
      },
      "OOS": {
        "trades": 5,
        "pf": 4.459087597112923,
        "exp": 0.6918175194225846,
        "maxdd": 1.0
      }
    }
  },
  "GBP/JPY": {
    "status": "PAUSED",
    "WEEKLY": {
      "params": {
        "adx_min": 25,
        "r2_min": 0.25,
        "anti_chase_mult": 0.8,
        "sl_atr_mult": 2.0,
        "rr": 1.4,
        "time_stop": 45
      },
      "IS": {
        "trades": 14,
        "pf": 2.113163479429958,
        "exp": 0.39755838551069916,
        "maxdd": 2.0
      },
      "OOS": {
        "trades": 5,
        "pf": 4.179322911105149,
        "exp": 0.6390105053218114,
        "maxdd": 1.0
      }
    },
    "BB_MR": {
      "params": {
        "bb_len": 20,
        "bb_std": 2.0,
        "rsi_len": 14,
        "rsi_buy": 30,
        "rsi_sell": 70,
        "atr_stop_mult": 1.2,
        "tp_to_ma": true,
        "time_stop": 30
      },
      "IS": {
        "trades": 10,
        "pf": 2.090977840138022,
        "exp": 0.43639113605520874,
        "maxdd": 3.0
      },
      "OOS": {
        "trades": 0,
        "pf": 0.0,
        "exp": 0.0,
        "maxdd": 0.0
      }
    }
  },
  "AUD/JPY": {
    "status": "PAUSED",
    "WEEKLY": {
      "params": {
        "adx_min": 30,
        "r2_min": 0.34,
        "anti_chase_mult": 0.3,
        "sl_atr_mult": 3.0,
        "rr": 1.8,
        "time_stop": 30
      },
      "IS": {
        "trades": 11,
        "pf": 10.981989002194526,
        "exp": 0.5260130246186088,
        "maxdd": 0.298486315652287
      },
      "OOS": {
        "trades": 4,
        "pf": 1.282353943320574,
        "exp": 0.07058848583014349,
        "maxdd": 1.0
      }
    },
    "BB_MR": {
      "params": {
        "bb_len": 20,
        "bb_std": 2.0,
        "rsi_len": 14,
        "rsi_buy": 40,
        "rsi_sell": 70,
        "atr_stop_mult": 1.8,
        "tp_to_ma": true,